,Name,type,hate
0,10246724_747008182064474_2873398654888745189_n.png,Affiliations,1
1,obama-meme.jpg,Affiliations,1
2,alldone.png,Affiliations,1
3,brown.png,Affiliations,1
4,patriots.png,Affiliations,1
5,pending.png,Affiliations,1
6,mikeFlynn.png,Affiliations,1
7,precipice.png,Affiliations,1
8,DUfydpRW4AA5WYF.jpg,Affiliations,1
9,DUfigmUXUAIc8G5.jpg,Affiliations,1
10,DUPUIOkXcAAujr0.jpg,Affiliations,1
11,DVKz6V5WsAE7dlR.jpg,Affiliations,1
12,hypocrite2.png,Affiliations,1
13,isaid.png,Affiliations,1
14,racistVoting.png,Affiliations,1
15,bush.png,Affiliations,1
16,pedowood.png,Affiliations,1
17,bringPain.png,Affiliations,1
18,twitterJail.jpg,Affiliations,1
19,treasonNN.jpg,Affiliations,1
20,PROSECUTION.jpg,Affiliations,1
21,faithhealer.jpg,Affiliations,1
22,PrayingMedic.jpg,Affiliations,1
23,noFlyNancy.jpg,Affiliations,1
24,maggie.png,Affiliations,1
25,internalCivilWar.jpg,Affiliations,1
26,auschwitz.jpg,Affiliations,1
27,14faef5e6164585c084d65fb66d59c78.jpeg,Affiliations,1
28,6fb33123bd09944b92fba03051ca17c9.jpeg,Affiliations,1
29,4dfaaeb44e80b2eba0dfcc7cea091419.png,Affiliations,1
30,catwithconeears.gif,NotHate,0
31,snowwhitesheadexplodes.gif,NotHate,0
32,rowanatkinsononkeyboards.gif,NotHate,0
33,arielinspired.gif,NotHate,0
34,abesimpsoninandout.gif,NotHate,0
35,dogstealsbra.gif,NotHate,0
36,stuntgolfer.gif,NotHate,0
37,wrapitup.gif,NotHate,0
38,camerongangsta.jpg,NotHate,0
39,aaaahhhh.gif,NotHate,0
40,catrollsoverfallsoff.gif,NotHate,0
41,moustachesarecool.gif,NotHate,0
42,catattack.gif,NotHate,0
43,bitchimfabulous.gif,NotHate,0
44,yologangnam.gif,NotHate,0
45,shockhorror.gif,NotHate,0
46,Boy-That-Escalated-Quickly-Anchorman.gif,NotHate,0
47,skirtfail.gif,NotHate,0
48,boysvsgirls.jpg,NotHate,0
49,LinuxYourWindows.jpg,NotHate,0
50,sharkattackscat.gif,NotHate,0
51,isawitontheinternet.gif,NotHate,0
52,trustyourgps.jpg,NotHate,0
53,denied.gif,NotHate,0
54,launchrocketfail.gif,NotHate,0
55,bombdiveteleport.gif,NotHate,0
56,tickle.gif,NotHate,0
57,owlsohnoshedidnt.gif,NotHate,0
58,catwatchingtennis.gif,NotHate,0
59,shutup.gif,NotHate,0
60,tardmark.gif,NotHate,0
61,why.gif,NotHate,0
62,number3.gif,NotHate,0
63,shortfall.gif,NotHate,0
64,backgroundmusic.gif,NotHate,0
65,exactly.gif,NotHate,0
66,zorbingfootball.gif,NotHate,0
67,Lazy.jpg,NotHate,0
68,drinkwithmoderation.gif,NotHate,0
69,needalight.gif,NotHate,0
70,touchmycake.jpg,NotHate,0
71,it-crowd-turn-it-off-and-on-again.jpg,NotHate,0
72,dancefail.gif,NotHate,0
73,rockout.gif,NotHate,0
74,guineapigs.gif,NotHate,0
75,juggleandsurf.gif,NotHate,0
76,nailfiling.gif,NotHate,0
77,catfoam.jpg,NotHate,0
78,skeltoncockneywalk.gif,NotHate,0
79,ultimatebaseballpitch.gif,NotHate,0
80,awwyisss.gif,NotHate,0
81,drivingface.jpg,NotHate,0
82,manicattackHowDoSworks.gif,NotHate,0
83,usetheforce(2).gif,NotHate,0
84,goatridingtortoise.gif,NotHate,0
85,both.gif,NotHate,0
86,giveusahug.gif,NotHate,0
87,tvdancing.gif,NotHate,0
88,evolutionandphilosophy.jpg,NotHate,0
89,dementedcat.jpg,NotHate,0
90,coincidence.gif,NotHate,0
91,mine.gif,NotHate,0
92,cardtrick.gif,NotHate,0
93,catinshades.gif,NotHate,0
94,jawdropping.gif,NotHate,0
95,beer.gif,NotHate,0
96,littlebusy.gif,NotHate,0
97,catgoat.jpg,NotHate,0
98,wherehaveyoubeen.jpg,NotHate,0
99,stealthkitten.gif,NotHate,0
100,slowclap.gif,NotHate,0
101,burned.jpg,NotHate,0
102,jarhead.jpg,NotHate,0
103,despicablekick.gif,NotHate,0
104,potatoheadpicasso.gif,NotHate,0
105,darthfader.jpg,NotHate,0
106,usetheforce(1).gif,NotHate,0
107,catstroking.gif,NotHate,0
108,tankcat.gif,NotHate,0
109,walklikeadinosaur.gif,NotHate,0
110,please dont disturb me.gif,NotHate,0
111,usetheforce.gif,NotHate,0
112,drift.gif,NotHate,0
113,suckmy.gif,NotHate,0
114,yourebothcrap.gif,NotHate,0
115,crashcamel.gif,NotHate,0
116,perspectivegif.gif,NotHate,0
117,puppyspring.gif,NotHate,0
118,divingkitty.gif,NotHate,0
119,toxicworkenvironment.gif,NotHate,0
120,whostoleyourbike.jpg,NotHate,0
121,staplewater.png,NotHate,0
122,just look.jpg,NotHate,0
123,handlethetruth.gif,NotHate,0
124,watchthewire.png,NotHate,0
125,feedingtime.gif,NotHate,0
126,shakeweight.gif,NotHate,0
127,playwithyourpussy.jpg,NotHate,0
128,dealing with it.gif,NotHate,0
129,funandgames.gif,NotHate,0
130,boo.gif,NotHate,0
131,blogaboutit.jpg,NotHate,0
132,getin.gif,NotHate,0
133,bananacat.gif,NotHate,0
134,jumprope.gif,NotHate,0
135,nono.gif,NotHate,0
136,sleepanywhere.gif,NotHate,0
137,signlanguage.gif,NotHate,0
138,takeabow.gif,NotHate,0
139,topstory.jpg,NotHate,0
140,weinerattack.gif,NotHate,0
141,attackhelicopter.gif,NotHate,0
142,smartorflipphone.gif,NotHate,0
143,weirdfingers.gif,NotHate,0
144,choochoo.gif,NotHate,0
145,1186075_738359006193555_1935554128_n.jpg,NotHate,0
146,13 - 1(4).jpg,NotHate,0
147,coffee.jpg,NotHate,0
148,google-girl(1).jpg,NotHate,0
149,944524_10151559756578736_493439519_n.jpg,NotHate,0
150,1175473_10153167111135433_1553345586_n.jpg,NotHate,0
151,c8Rwp.gif,NotHate,0
152,13 - 1(3).jpg,NotHate,0
153,keep-an-eye-out.jpg,NotHate,0
154,homade(1).jpg,NotHate,0
155,ATT00856.jpg,NotHate,0
156,1377640062385 (1).jpg,NotHate,0
157,{785FDCFE-6CC2-4934-9673-03216E9D592A} (1).jpg,NotHate,0
158,{785FDCFE-6CC2-4934-9673-03216E9D592A}.jpg,NotHate,0
159,13 - 1(2).jpg,NotHate,0
160,13 - 1(1).jpg,NotHate,0
161,13 - 1 (1)(1).jpg,NotHate,0
162,IMG_20130820_131440.JPG,NotHate,0
163,IMG_20130820_001909.JPG,NotHate,0
164,IMG_20130819_063737.JPG,NotHate,0
165,IMG_20130819_063406(1).JPG,NotHate,0
166,IMG_20130817_104717.JPG,NotHate,0
167,IMG_20130815_003839.JPG,NotHate,0
168,IMG_20130813_190317.JPG,NotHate,0
169,IMG_20130806_062327.JPG,NotHate,0
170,Svw7vt7.png,NotHate,0
171,TR5P(1).jpg,NotHate,0
172,download_20130806_163204.jpg,NotHate,0
173,bad luck cat(1).gif,NotHate,0
174,969600_359316244197947_2135746681_n.jpg,NotHate,0
175,ay5dx9X_460sa.gif,NotHate,0
176,13 - 1 (8).jpg,NotHate,0
177,2013 - 1.jpg,NotHate,0
178,1376994362322.jpg,NotHate,0
179,13 - 1 (6)(1).jpg,NotHate,0
180,13 - 1 (7).jpg,NotHate,0
181,13 - 1 (5)(1).jpg,NotHate,0
182,13 - 1 (4)(1).jpg,NotHate,0
183,13 - 1 (3)(2).jpg,NotHate,0
184,13 - 1 (2).jpg,NotHate,0
185,1184883_631024373630305_1288321586_n.jpg,NotHate,0
186,_ (4).jpg,NotHate,0
187,blurgh.gif,NotHate,0
188,magictowels.gif,NotHate,0
189,shambuzz.gif,NotHate,0
190,hiiiifive.gif,NotHate,0
191,slamdunk.gif,NotHate,0
192,specialwalking.gif,NotHate,0
193,turnoffkitten.gif,NotHate,0
194,highfivepro.gif,NotHate,0
195,snortakitten.gif,NotHate,0
196,0rockysuperman.jpg,NotHate,0
197,4.jpg,NotHate,0
198,2.jpg,NotHate,0
199,4a0798f006acadddb3750d34342d3500.jpg,NotHate,0
200,5.jpg,NotHate,0
201,5PwY-ACu8lmlEO9qbqJVcoPjpxUWSmRU-joxNvykY7A.jpeg,NotHate,0
202,7-11.jpg,NotHate,0
203,12js34.jpg,NotHate,0
204,13 - 1.png,NotHate,0
205,13 - 1.jpg,NotHate,0
206,13 - 1 (1).jpg,NotHate,0
207,13 - 1 (1)(2).jpg,NotHate,0
208,13 - 1 (1)(3).jpg,NotHate,0
209,13 - 1 (1)(4).jpg,NotHate,0
210,13 - 1 (1)(5).jpg,NotHate,0
211,13 - 1 (1)(6).jpg,NotHate,0
212,13 - 1 (1)(7).jpg,NotHate,0
213,13 - 1 (1)(8).jpg,NotHate,0
214,13 - 1 (2)(2).jpg,NotHate,0
215,13 - 1 (2)(1).jpg,NotHate,0
216,13 - 1 (2)(3).jpg,NotHate,0
217,13 - 1 (3).jpg,NotHate,0
218,13 - 1 (2)(4).jpg,NotHate,0
219,13 - 1 (3)(1).jpg,NotHate,0
220,13 - 1 (4).jpg,NotHate,0
221,13 - 1 (5).jpg,NotHate,0
222,13 - 1 (6).jpg,NotHate,0
223,13 - 1(1).png,NotHate,0
224,13 - 1(5).jpg,NotHate,0
225,13 - 1(6).jpg,NotHate,0
226,13 - 1(7).jpg,NotHate,0
227,13 - 1(8).jpg,NotHate,0
228,13 - 1(9).jpg,NotHate,0
229,13 - 1(10).jpg,NotHate,0
230,13 - 1(11).jpg,NotHate,0
231,13 - 1(13).jpg,NotHate,0
232,13 - 1(12).jpg,NotHate,0
233,13 - 1(14).jpg,NotHate,0
234,16.10.13 - 1.jpg,NotHate,0
235,18.jpg,NotHate,0
236,20.9.2013. - 1.jpg,NotHate,0
237,56 - 1.jpg,NotHate,0
238,46jit.jpg,NotHate,0
239,77.jpg,NotHate,0
240,2013 - 1.png,NotHate,0
241,2013 - 1 (1).jpg,NotHate,0
242,2013 - 1(1).jpg,NotHate,0
243,2013 - 1(2).jpg,NotHate,0
244,2013 - 1(3).jpg,NotHate,0
245,2013 - 1(4).jpg,NotHate,0
246,2013 - 1(5).jpg,NotHate,0
247,2013 - 1(6).jpg,NotHate,0
248,2013 - 1(8).jpg,NotHate,0
249,2013 - 1(7).jpg,NotHate,0
250,2013-08-17 15.04.02.png,NotHate,0
251,7847_649853625033631_1019490562_n.jpg,NotHate,0
252,22826_10151261331675560_514239748_n.jpg,NotHate,0
253,66790_509681225780172_441206379_n.jpg,NotHate,0
254,50668.jpg,NotHate,0
255,75529_583770218338527_1565320352_n.jpg,NotHate,0
256,261443__surfing-white-in-life-buoys_p.jpg,NotHate,0
257,533216_10202097199620605_1328565652_n.jpg,NotHate,0
258,537199_600388706673368_1706779852_n.jpg,NotHate,0
259,545236_167054743499530_582489408_n.jpg,NotHate,0
260,633489_Lol_programmer_jpg069e06b7a8089f9ff488f6874dcf01cd.jpg,NotHate,0
261,934723_10151576556353288_510915425_n.jpg,NotHate,0
262,1001943_647932145239692_1005952937_n.jpg,NotHate,0
263,1002495_506684982740415_82709502_n.jpg,NotHate,0
264,1002911_387869458012456_442221612_n.jpg,NotHate,0
265,1002511_821727181991_1830492083_n.jpg,NotHate,0
266,1005475_287248014746367_1904938948_n.jpg,NotHate,0
267,1157640_560830327322724_1236679818_n.jpg,NotHate,0
268,1017014_569059299822565_1182262010_n.jpg,NotHate,0
269,1173896_621220427899701_2064484931_n.jpg,NotHate,0
270,1185213_580544445322173_1202864084_n.jpg,NotHate,0
271,1186104_576589339053562_1633370143_n.jpg,NotHate,0
272,1209146_10151910358322840_1882518166_n.jpg,NotHate,0
273,1235338_523406051073748_1747146301_n.jpg,NotHate,0
274,1234423_592688857453036_1481668709_n.jpg,NotHate,0
275,1239452_418348051618510_1968512327_n.jpg,NotHate,0
276,1378768_652979624768113_1316002649_n.png,NotHate,0
277,1380427_636689973020748_1006738612_n.jpg,NotHate,0
278,1382111_10151716898273262_5918417_n.jpg,NotHate,0
279,1380506_562548037132519_796512300_n.jpg,NotHate,0
280,1383023_10151749982246655_321503386_n.jpg,NotHate,0
281,1383635_10151871713094214_136798549_n.jpg,NotHate,0
282,1385327_676249145741325_1441555201_n.png,NotHate,0
283,1391664_680490451971969_1665713981_n.jpg,NotHate,0
284,101347944_large_066726__Dog_leto_simpotichnaya_shlyapka_sobaka_.jpg,NotHate,0
285,1458690_633637160012315_98233996_n.jpg,NotHate,0
286,839742222_80fbc3cb73_o.png,NotHate,0
287,1197958073_1194412128_0101.jpg,NotHate,0
288,553457522696362735_27366381.jpg,NotHate,0
289,adorable-dogs-44.jpg,NotHate,0
290,ab59f28a5bc843f7a8b069f257134728.jpg,NotHate,0
291,AoWGMGhCAAAPt2L.jpg,NotHate,0
292,Arnold.jpg,NotHate,0
293,B58OfDr4hH43bQeNYtXTET9SwaMCsiPfu1GnDg92s4A.jpeg,NotHate,0
294,bad luck cat.gif,NotHate,0
295,ben10-omnitrix-watch-437x242-custom.jpg,NotHate,0
296,billion.jpg,NotHate,0
297,best-funny-cute-kitten-quotes-sayings-pictures.jpg,NotHate,0
298,boxer dog.jpg,NotHate,0
299,BpeWV1Z5IPKda8inljDP7Kmn7WfQC5EjASgBLV91S0E.jpeg,NotHate,0
300,BS1u6ywCUAAuzML.png,NotHate,0
301,can explain.jpg,NotHate,0
302,Chiquita-DM2-Minion-Bob-082813.jpg,NotHate,0
303,CnH - myblood.png,NotHate,0
304,computersaremade.jpg,NotHate,0
305,condoms.jpg,NotHate,0
306,dafuq-do-you-mean-theres-no-coffee.jpg,NotHate,0
307,devhumor_com_superhero.webp,NotHate,0
308,descarga.jpg,NotHate,0
309,Doctor-Who-Dalek-Arm-Warmers.jpg,NotHate,0
310,Doctor_Who-Dalek_Shower_Sign.jpg,NotHate,0
311,dog-birthday-party-funny_4678792424391268.jpg,NotHate,0
312,dogs11.JPG,NotHate,0
313,dogs (7).jpg,NotHate,0
314,download (4).jpg,NotHate,0
315,download_20130806_163236.jpg,NotHate,0
316,dPDFqM1_U8G289tgBr8x47t9L4SW0AIrIipQwEwdeejD.jpeg,NotHate,0
317,Drawntogethers01e02_05.png,NotHate,0
318,Dream Big.jpg,NotHate,0
319,drunken boy_0.jpg,NotHate,0
320,Drunk-Social-Media-infographic.jpg,NotHate,0
321,e5f65692-84d6-4f57-8d62-39fcc0984b5a.png,NotHate,0
322,ec582b55c6e5ee237c569470f1d3b47c.jpg,NotHate,0
323,enhanced-buzz-3771-1379009510-21.jpg,NotHate,0
324,enhanced-buzz-5730-1379009547-8.jpg,NotHate,0
325,enhanced-buzz-25823-1379009452-11.jpg,NotHate,0
326,enhanced-buzz-26752-1379009359-8.jpg,NotHate,0
327,eS5IkwX.gif,NotHate,0
328,facebook_1658561547.jpg,NotHate,0
329,facebook-friends.jpg,NotHate,0
330,f_CdmYQCq5Cb9Oz9LnWK2z78y3lqecSlGPptOgtMnm4.jpeg,NotHate,0
331,force-choke.jpg,NotHate,0
332,forehead phone.jpg,NotHate,0
333,funestdog.jpg,NotHate,0
334,funny-barbecue-cook-clever.jpg,NotHate,0
335,generation gap by webbloggers.net.jpg,NotHate,0
336,google-girl.jpg,NotHate,0
337,Google vs 911 Comic.jpg,NotHate,0
338,great-gif-cool-yeah.gif,NotHate,0
339,ground.jpg,NotHate,0
340,gsmarena_001-640x501.jpg,NotHate,0
341,h8E9BEE86.jpg,NotHate,0
342,h2JClux.jpg,NotHate,0
343,hey yew stop.jpg,NotHate,0
344,homade.jpg,NotHate,0
345,I3ewotiB6KMD4a6u6iUdHobUWSAwy6HcfjTuI1-Yw7A.jpeg,NotHate,0
346,I can explain.jpg,NotHate,0
347,Image.jpg,NotHate,0
348,iGsxGMHj0RwXxc0wagkUq5haDlTUOOP2AVjwG359dZM.jpeg,NotHate,0
349,IMG_3575.JPG,NotHate,0
350,IMG_4053.JPG,NotHate,0
351,IMG_5045.JPG,NotHate,0
352,IMG_20130801_235206.JPG,NotHate,0
353,IMG_20130801_080032.JPG,NotHate,0
354,IMG_20130804_140942.JPG,NotHate,0
355,IMG_20130807_234458.JPG,NotHate,0
356,IMG_20130813_132403.JPG,NotHate,0
357,IMG_20130819_063430.JPG,NotHate,0
358,IMG_20130819_063406.JPG,NotHate,0
359,IMG_20130820_131014.JPG,NotHate,0
360,IMG_20130828_080417.JPG,NotHate,0
361,IMG_20130829_194334.JPG,NotHate,0
362,IMG_20130829_205509.JPG,NotHate,0
363,IMG_20130830_034142.JPG,NotHate,0
364,IMG_20130830_100626.JPG,NotHate,0
365,IMG_20130830_131644.JPG,NotHate,0
366,IMG_20130831_090128.JPG,NotHate,0
367,IMG_20130901_071614.JPG,NotHate,0
368,IMG_20130901_072347.JPG,NotHate,0
369,IMG_20130901_072835.JPG,NotHate,0
370,IMG_20130902_193818.JPG,NotHate,0
371,IMG_20130905_145952.JPG,NotHate,0
372,IMG_20130906_092555.JPG,NotHate,0
373,IMG_20130906_092956.JPG,NotHate,0
374,IMG_20130906_093251.JPG,NotHate,0
375,IMG_20130907_113115.JPG,NotHate,0
376,IMG_20130906_214250.JPG,NotHate,0
377,IMG_20130907_113435.JPG,NotHate,0
378,IMG_20130907_114741.JPG,NotHate,0
379,IMG_20130909_064439.JPG,NotHate,0
380,IMG_20130913_111356.JPG,NotHate,0
381,IMG_20130913_112210.JPG,NotHate,0
382,IMG_20130915_084131.JPG,NotHate,0
383,IMG_20130915_084404.JPG,NotHate,0
384,IMG_20130916_074010.JPG,NotHate,0
385,IMG_20130920_110515.JPG,NotHate,0
386,IMG_20130922_122452.JPG,NotHate,0
387,IMG_20130925_173503.JPG,NotHate,0
388,IMG_20130926_174246.jpg,NotHate,0
389,IMG_20130928_131101.JPG,NotHate,0
390,IMG_20130929_141118.JPG,NotHate,0
391,IMG_20130930_072645.JPG,NotHate,0
392,IMG_20131002_061210.JPG,NotHate,0
393,IMG_20131002_203609.JPG,NotHate,0
394,IMG_20131002_221552.JPG,NotHate,0
395,IMG_20131002_221719.JPG,NotHate,0
396,IMG_20131002_222100.JPG,NotHate,0
397,IMG_20131002_222321.JPG,NotHate,0
398,IMG_20131002_224418.JPG,NotHate,0
399,IMG_20131003_075240.JPG,NotHate,0
400,IMG_20131003_075345.JPG,NotHate,0
401,IMG_20131003_075757.JPG,NotHate,0
402,IMG_20131003_143708.JPG,NotHate,0
403,IMG_20131003_143542.JPG,NotHate,0
404,IMG_20131004_102248.JPG,NotHate,0
405,IMG_20131004_203536.JPG,NotHate,0
406,IMG_20131004_203736.JPG,NotHate,0
407,IMG_20131008_071433.JPG,NotHate,0
408,IMG_20131010_080917.JPG,NotHate,0
409,IMG_20131010_080943.JPG,NotHate,0
410,IMG_20131010_081049.JPG,NotHate,0
411,IMG_20131014_094114.JPG,NotHate,0
412,IMG_20131018_064725.JPG,NotHate,0
413,IMG_20131018_064749.JPG,NotHate,0
414,IMG_20131018_064813.JPG,NotHate,0
415,IMG_20131018_064835.JPG,NotHate,0
416,IMG_20131018_064915.JPG,NotHate,0
417,IMG_20131018_064933.JPG,NotHate,0
418,IMG_20131018_064959.JPG,NotHate,0
419,IMG_20131018_065023.JPG,NotHate,0
420,IMG_20131018_065059.JPG,NotHate,0
421,IMG_20131018_065136.JPG,NotHate,0
422,IMG_20131019_084259.JPG,NotHate,0
423,IMG_20131019_153657.JPG,NotHate,0
424,IMG_20131022_072103.JPG,NotHate,0
425,IMG_20131022_072028.JPG,NotHate,0
426,IMG_20131025_234649.JPG,NotHate,0
427,IMG_20131025_234858.JPG,NotHate,0
428,IMG_20131104_154939.JPG,NotHate,0
429,IMG_20131030_061721.JPG,NotHate,0
430,IMG_20131104_155410.JPG,NotHate,0
431,IMG_20131104_155628.JPG,NotHate,0
432,IMG_20131104_194801.JPG,NotHate,0
433,IMG_20131108_234416.JPG,NotHate,0
434,IMG_20131109_172200.JPG,NotHate,0
435,IMG_20131111_071712.JPG,NotHate,0
436,IMG_20131114_222919.JPG,NotHate,0
437,IMG_20131117_102806.JPG,NotHate,0
438,IMG_36425814305473.jpeg,NotHate,0
439,IMG_20131117_102825.JPG,NotHate,0
440,IMG_39692543515436.jpeg,NotHate,0
441,IMG_346684154132392.jpeg,NotHate,0
442,IMG_346775376351213.jpeg,NotHate,0
443,IMG-20130801-WA0008.jpg,NotHate,0
444,IMG-20130801-WA0010.jpg,NotHate,0
445,IMG-20130802-WA0002.jpg,NotHate,0
446,IMG-20130806-WA0002.jpg,NotHate,0
447,IMG-20130808-WA0000.jpg,NotHate,0
448,IMG-20130808-WA0001.jpg,NotHate,0
449,IMG-20130813-WA0005.jpg,NotHate,0
450,IMG-20130814-WA0008.jpg,NotHate,0
451,IMG-20130815-WA0002.jpg,NotHate,0
452,IMG-20130815-WA0004.jpg,NotHate,0
453,IMG-20130821-WA0015.jpg,NotHate,0
454,IMG-20130827-WA0000.jpg,NotHate,0
455,IMG-20130822-WA0009.jpg,NotHate,0
456,IMG-20130914-WA0001.jpg,NotHate,0
457,IMG-20130901-WA0011.jpg,NotHate,0
458,important.jpg,NotHate,0
459,i think ive fooled everyone.jpg,NotHate,0
460,i_vkSMt9IPrtNNO3v1EM7V6TFjZ4vGOYOrM_rfYU5TOn.png,NotHate,0
461,iy9v.png,NotHate,0
462,JkieB_MaLSMwuH8t45XidD00y6MY-rGugtQdnSCIMAg.jpeg,NotHate,0
463,kitten_Upload.jpg,NotHate,0
464,kslZIv14MdXWIAoi_t8jhh5yVCeeQJf1AWutp4O-E68.jpeg,NotHate,0
465,monday1175415_729817923714330_1710090732_n.jpg,NotHate,0
466,motivate-monday-18.jpg,NotHate,0
467,naughty.jpg,NotHate,0
468,obama1208928_728305687198887_1248392897_n.jpg,NotHate,0
469,oct-14-2013-microsoft-has-announced-a-major-update-to-its-cellphone-software-to-reduce-distractions-for-drivers-it-s-part-of.jpg,NotHate,0
470,Picture136.jpg,NotHate,0
471,OxB_wk6nfR_sc6K39Cgjmx-YmztN_q_Ilzy1x37p77g.jpeg,NotHate,0
472,Puppy-Love-puppy-love-dog-1024x768.jpg,NotHate,0
473,portal_n.jpg,NotHate,0
474,QZRNN7vF6biFrXPUbJwvENSgYkY_gadBW2kodfb3Ognn.jpeg,NotHate,0
475,S4rOWd4BFO5OLvbIaCLGI8p2zwuvCZoYpFeaEqAGJLY.jpeg,NotHate,0
476,Screen Shot 2013-10-18 at 16.23.31.png,NotHate,0
477,Seems_2BLegit_2B-_2BWorking_2BOut_2BChanges_2BYour_2BRace_2BNow_2BToo_large.jpg,NotHate,0
478,smellcolor9.jpg,NotHate,0
479,start-again-motivation.jpg,NotHate,0
480,stopsignrgb.jpg,NotHate,0
481,stuff.jpg,NotHate,0
482,swimmers-sperm-small-580x449.jpg,NotHate,0
483,toiletpaper.jpg,NotHate,0
484,TR5P.jpg,NotHate,0
485,tuesdog.jpg,NotHate,0
486,tumblr_mj0huzWn4Q1qdn1pno1_500.png,NotHate,0
487,tumblr_mrg244oF551qewacoo1_500.png,NotHate,0
488,tumblr_ms9cl95oEU1r3gb3zo2_400.gif,NotHate,0
489,tumblr_msurolAsq91qz4yloo1_500.jpg,NotHate,0
490,tumblr_mt50jdU4Kn1qz7wfjo1_500.jpg,NotHate,0
491,tumblr_muk850UI941qewacoo1_500.jpg,NotHate,0
492,TXELGdVc2S-F7lMvDLY9isFtNWNQLGxI8lnAIYbOzw.jpeg,NotHate,0
493,_U63sfVLScNkSqg23X_7y9KmThRZM3FsQoocDonPMec.jpeg,NotHate,0
494,wcBnGUnTfmb14mCe-4Sm2E3sN9JJe5DVqoDL4USEUhc.jpeg,NotHate,0
495,w-h5AWjvi14Zyp49zyF8GFkrNQKWv7EH_MVpqnU_T0A.jpeg,NotHate,0
496,Words cannot explain how relaxing this looks.jpg,NotHate,0
497,wxey991cm_P9qG_rGkrjRGBozWsTSBI1rtYHsW-rExU.jpeg,NotHate,0
498,yoga.jpg,NotHate,0
499,XOeTBeJ2BBpOPgYSb7XWSpiAd6jR0bZz932UBGmg53k.jpeg,NotHate,0
500,you-ll-see-some-flapjacks-a3fe3231-sz550x684-animate.jpg,NotHate,0
501,027-funny-animal-pictures-with-captions-013-pandamonium.jpg,NotHate,0
502,14 - 1.gif,NotHate,0
503,bait.png,NotHate,0
504,goddan.png,NotHate,0
505,obamaIsis.png,NotHate,0
506,bozoz.png,NotHate,0
507,joeXmas.png,NotHate,0
508,judgement.png,NotHate,0
509,triumph.png,NotHate,0
510,cnnOriginal.png,NotHate,0
511,calmbeforethestorm.jpg,NotHate,0
512,envelope.png,NotHate,0
513,yougetanEnvelope.png,NotHate,0
514,DEEAL.png,NotHate,0
515,palceholder.png,NotHate,0
516,caught.png,NotHate,0
517,crimes.png,NotHate,0
518,usmil.png,NotHate,0
519,muharrests.png,NotHate,0
520,cryfoul.png,NotHate,0
521,rogers.png,NotHate,0
522,crumbles.png,NotHate,0
523,titanicWeKnow.jpg,NotHate,0
524,54bit.png,NotHate,0
525,alert2.png,NotHate,0
526,wrapUp.png,NotHate,0
527,cbs.png,NotHate,0
528,brennanTweet.png,NotHate,0
529,cynthia2.png,NotHate,0
530,anderson.png,NotHate,0
531,rff.png,NotHate,0
532,factcheck.png,NotHate,0
533,constitution.png,NotHate,0
534,declas.gif,NotHate,0
535,rabbiut.png,NotHate,0
536,anti_jack.png,NotHate,0
537,proverbs.png,NotHate,0
538,collusionLie.png,NotHate,0
539,fenisteET.png,NotHate,0
540,believe.png,NotHate,0
541,billmaher.png,NotHate,0
542,declas.png,NotHate,0
543,jackTweet.png,NotHate,0
544,crying.png,NotHate,0
545,pedomaher.png,NotHate,0
546,michael.png,NotHate,0
547,publicTrust.png,NotHate,0
548,sticker.png,NotHate,0
549,jerryBrownbribees.png,NotHate,0
550,pedomwilson.png,NotHate,0
551,hohoho.png,NotHate,0
552,comprehend.png,NotHate,0
553,turnthemoff.png,NotHate,0
554,losers.png,NotHate,0
555,woops.png,NotHate,0
556,wwg1wga2.png,NotHate,0
557,xbox.png,NotHate,0
558,pumpkin.png,NotHate,0
559,spoonfeed.png,NotHate,0
560,pepeHuber.png,NotHate,0
561,subtitles.png,NotHate,0
562,sarah.png,NotHate,0
563,cummings.png,NotHate,0
564,big.png,NotHate,0
565,farminBabies.png,NotHate,0
566,stormBritain.png,NotHate,0
567,buzzfeed.png,NotHate,0
568,tomHanks.png,NotHate,0
569,tisSeason.png,NotHate,0
570,wwg1wga.png,NotHate,0
571,ThisIsFine.jpg,NotHate,0
572,bear.jpg,NotHate,0
573,killPeople.jpg,NotHate,0
574,dollar.jpg,NotHate,0
575,will.png,NotHate,0
576,tenor.gif,NotHate,0
577,ask.png,NotHate,0
578,shilling.jpg,NotHate,0
579,trust.jpg,NotHate,0
580,godspeed.png,NotHate,0
581,qdrops.png,NotHate,0
582,boomerang.png,NotHate,0
583,kennedyjusti.png,NotHate,0
584,emojis.png,NotHate,0
585,obamaKim.png,NotHate,0
586,magaPartyHat.png,NotHate,0
587,choices.png,NotHate,0
588,ranteeria.png,NotHate,0
589,best.png,NotHate,0
590,monroe.png,NotHate,0
591,timelineMaga.png,NotHate,0
592,rainwash.png,NotHate,0
593,bringThePain.png,NotHate,0
594,DXe1vFXUMAEdOMU.jpg,NotHate,0
595,53-47.png,NotHate,0
596,sheepNoMore.png,NotHate,0
597,skeltons.png,NotHate,0
598,channels.png,NotHate,0
599,alison.png,NotHate,0
600,alexJones.png,NotHate,0
601,takebacktheprize.png,NotHate,0
602,activated.png,NotHate,0
603,crumbs.png,NotHate,0
604,timeCover.jpg,NotHate,0
605,crash.png,NotHate,0
606,freeItaly.png,NotHate,0
607,HOGG_Nra.png,NotHate,0
608,democratDeath.png,NotHate,0
609,kevinDone.png,NotHate,0
610,guess.png,NotHate,0
611,learn16yr.png,NotHate,0
612,halper.png,NotHate,0
613,FATTER.png,NotHate,0
614,happened.png,NotHate,0
615,donoghue.png,NotHate,0
616,lepain.png,NotHate,0
617,fbLifeLog.png,NotHate,0
618,miley.png,NotHate,0
619,huber.png,NotHate,0
620,overthrowMe.png,NotHate,0
621,oigreport.png,NotHate,0
622,seeYou.png,NotHate,0
623,prepareToLand.png,NotHate,0
624,SNOOP.png,NotHate,0
625,pissed.png,NotHate,0
626,royals.png,NotHate,0
627,Qtrust.png,NotHate,0
628,stopFightIng.png,NotHate,0
629,listofFires.png,NotHate,0
630,q.png,NotHate,0
631,stormyOIG.png,NotHate,0
632,zuckToileet.png,NotHate,0
633,qanonMeme.png,NotHate,0
634,popeMay.png,NotHate,0
635,repubText.png,NotHate,0
636,patriotsFight.gif,NotHate,0
637,garb.png,NotHate,0
638,activatefd.png,NotHate,0
639,macron.png,NotHate,0
640,f8.png,NotHate,0
641,fbclassaction.png,NotHate,0
642,black.png,NotHate,0
643,MAC.png,NotHate,0
644,rr.png,NotHate,0
645,brtain.png,NotHate,0
646,winnngg.png,NotHate,0
647,SPIES.png,NotHate,0
648,AVERTED.png,NotHate,0
649,human.png,NotHate,0
650,boom.png,NotHate,0
651,bringItBack.gif,NotHate,0
652,wtf.png,NotHate,0
653,9.jpg,NotHate,0
654,assaulted.png,NotHate,0
655,baetty.png,NotHate,0
656,zuck.png,NotHate,0
657,berlinwall.png,NotHate,0
658,alecTrump.png,NotHate,0
659,combHair.png,NotHate,0
660,Special_Effect_-_Explosion.gif,NotHate,0
661,D5.png,NotHate,0
662,castle.png,NotHate,0
663,feds.png,NotHate,0
664,deadcat.png,NotHate,0
665,film.png,NotHate,0
666,DECLASBOMB.png,NotHate,0
667,divesting.png,NotHate,0
668,daylost.png,NotHate,0
669,hypocrite.png,NotHate,0
670,glasgow.png,NotHate,0
671,GITMM.png,NotHate,0
672,internet.png,NotHate,0
673,IQ.png,NotHate,0
674,gun.png,NotHate,0
675,declasRosen.png,NotHate,0
676,seals.png,NotHate,0
677,justice.png,NotHate,0
678,leakerHRC.png,NotHate,0
679,DULHxSsW0AYLU-0.jpg,NotHate,0
680,sandberg.png,NotHate,0
681,fixed.png,NotHate,0
682,LEAKER.png,NotHate,0
683,veto.png,NotHate,0
684,mccabe.jpg,NotHate,0
685,kennedy.png,NotHate,0
686,rocket.png,NotHate,0
687,space.jpg,NotHate,0
688,titani.png,NotHate,0
689,alert.png,NotHate,0
690,DT23GWPVMAEZC5v.jpg,NotHate,0
691,DT4XBDbUMAEXogC.jpg,NotHate,0
692,DT_eH7OWkAUXNyC.jpg,NotHate,0
693,lawrence.gif,NotHate,0
694,DTEXsoVVoAAvIa5.jpg,NotHate,0
695,maxine.png,NotHate,0
696,DT70lKfW4AEJETD.jpg,NotHate,0
697,DT7kk2PWAAICBmH.jpg,NotHate,0
698,DTlfgZQVoAAdldu.jpg,NotHate,0
699,CNN.png,NotHate,0
700,DT74bGTXkAAJD5p.jpg,NotHate,0
701,robin.png,NotHate,0
702,DTrpAEgWsAAKwCn.jpg,NotHate,0
703,DTw4ykNWsAAemC2.jpg,NotHate,0
704,DTsW-hmX4AA7Llh.jpg,NotHate,0
705,DTwdvFaUQAADjqN.jpg,NotHate,0
706,DTt3GYaVQAAPBru.jpg,NotHate,0
707,DTsb4QZWkAALv7U.jpg,NotHate,0
708,DTSb66eVwAAdqVy.jpg,NotHate,0
709,DTwxFy7W4AECdu5.jpg,NotHate,0
710,DTsSuGEWAAA6o-A.jpg,NotHate,0
711,DTxsm4WXcAEMGKL.jpg,NotHate,0
712,DTw1KX8WkAElp8G.jpg,NotHate,0
713,DTwCQ_qVMAA9c2f.jpg,NotHate,0
714,DTxjoHZUQAA6VIl.jpg,NotHate,0
715,DUCZJ9SU8AAhtZi.jpg,NotHate,0
716,real.png,NotHate,0
717,DUCwOmmVwAAnvvY.jpg,NotHate,0
718,DUaUHa7X4AAw-xB.jpg,NotHate,0
719,DU11aFPX4AEdLF_.jpg,NotHate,0
720,DUhe4A5VQAAJI-f.jpg,NotHate,0
721,DUaBLqUX0AAl3Bt.jpg,NotHate,0
722,DUfCbBJWsAEVSQZ.jpg,NotHate,0
723,DUKiVukWAAAcLRw.jpg,NotHate,0
724,DUJykp9WsAE9GYZ.jpg,NotHate,0
725,redwave.png,NotHate,0
726,DUSBmchX0AAAVpg.jpg,NotHate,0
727,DUVWxm-X0AE0Cyz.jpg,NotHate,0
728,DUU9LOgW4AYucyG.jpg,NotHate,0
729,DUpb46CU8AAzYL3.jpg,NotHate,0
730,DUZXmsFW0AAfftj.jpg,NotHate,0
731,DUpTsCRUQAAqcAG.jpg,NotHate,0
732,DULB-rAXkAERR0C.jpg,NotHate,0
733,DUPFNaKWsAMdb0N.jpg,NotHate,0
734,DVaE7xiXcAAF_oz.jpg,NotHate,0
735,DVcB56MV4AA4OTp.jpg,NotHate,0
736,DVC8juaXUAESDQ8.jpg,NotHate,0
737,DVCHYNuVAAA7hEs.jpg,NotHate,0
738,UNnaz.png,NotHate,0
739,DVyzghSXcAEYXEX.jpg,NotHate,0
740,DVnK5EZU8AAka_2.jpg,NotHate,0
741,DVpiVV9UQAAeriw.jpg,NotHate,0
742,DVxhCqMVoAAHh1u.jpg,NotHate,0
743,DVCZ2NnX0AEqhDD.jpg,NotHate,0
744,DVpgUsIUMAAIfN_.jpg,NotHate,0
745,DVcwN-lWAAAC4j2.jpg,NotHate,0
746,creepyGuy.gif,NotHate,0
747,DVyV0N9U8AAK2_x.jpg,NotHate,0
748,homeofthebrave.gif,NotHate,0
749,asilent.png,NotHate,0
750,fishing.png,NotHate,0
751,lionel.png,NotHate,0
752,message.png,NotHate,0
753,noonestop.png,NotHate,0
754,NUNES.png,NotHate,0
755,pedoPrison.png,NotHate,0
756,rituallyAb.png,NotHate,0
757,team.png,NotHate,0
758,CYNTHIA.png,NotHate,0
759,jfkChild.png,NotHate,0
760,mandela.png,NotHate,0
761,peace.png,NotHate,0
762,rapeChildren.png,NotHate,0
763,wehavetheServer.png,NotHate,0
764,journalists.jpg,NotHate,0
765,iranians.png,NotHate,0
766,timesquare.png,NotHate,0
767,finallyBeStrong.png,NotHate,0
768,FREEDOM.png,NotHate,0
769,gabCover.png,NotHate,0
770,iranDeal.png,NotHate,0
771,luckDragon.png,NotHate,0
772,MiosotisFamilia.PNG,NotHate,0
773,rapidFire.png,NotHate,0
774,redpillLiberals.png,NotHate,0
775,scroll.png,NotHate,0
776,sessions.png,NotHate,0
777,sessionsCroc.png,NotHate,0
778,upTheChain.png,NotHate,0
779,d5.gif,NotHate,0
780,fb.png,NotHate,0
781,HAIR.png,NotHate,0
782,modernFamily.png,NotHate,0
783,trust.png,NotHate,0
784,blackhat.png,NotHate,0
785,pasta.png,NotHate,0
786,phase5.png,NotHate,0
787,reconnectJulian.png,NotHate,0
788,roseanne.png,NotHate,0
789,trai.png,NotHate,0
790,uranium.png,NotHate,0
791,wall.png,NotHate,0
792,lionKing.gif,NotHate,0
793,chair.png,NotHate,0
794,donjr.png,NotHate,0
795,matrix.png,NotHate,0
796,newsweek.png,NotHate,0
797,ruth.png,NotHate,0
798,leaves.gif,NotHate,0
799,jackson.jpg,NotHate,0
800,hrcvideo.jpg,NotHate,0
801,wheresRuth.jpg,NotHate,0
802,comingWeeks.jpg,NotHate,0
803,kek.jpg,NotHate,0
804,tarmac.jpg,NotHate,0
805,muellerstein.jpg,NotHate,0
806,puppyshow.jpg,NotHate,0
807,woof.jpg,NotHate,0
808,ruth.jpg,NotHate,0
809,huberExexutioner.jpg,NotHate,0
810,youvebeenQd.jpg,NotHate,0
811,biblvs.jpg,NotHate,0
812,train.jpg,NotHate,0
813,treason.jpg,NotHate,0
814,solarSystem.jpg,NotHate,0
815,wayoflife.jpg,NotHate,0
816,suppression.jpg,NotHate,0
817,indeedAd.jpg,NotHate,0
818,fixCountry.jpg,NotHate,0
819,vfdfsdfdfd.jpg,NotHate,0
820,ytComment.png,NotHate,0
821,baderRise.png,NotHate,0
822,ruthDead.jpg,NotHate,0
823,abortion.jpg,NotHate,0
824,sking.png,NotHate,0
825,annCoulter.jpg,NotHate,0
826,feinstein.png,NotHate,0
827,muellerBarr.jpg,NotHate,0
828,newWord.png,NotHate,0
829,baderRecord.jpg,NotHate,0
830,ginsburgMuseum.jpg,NotHate,0
831,runningScated.jpg,NotHate,0
832,fired.jpg,NotHate,0
833,trumpRunning.jpg,NotHate,0
834,corps.png,NotHate,0
835,flyRuthFly.png,NotHate,0
836,flyMaggie.png,NotHate,0
837,5eyes.png,NotHate,0
838,nuremberg.jpg,NotHate,0
839,youarethenews.jpg,NotHate,0
840,oswalt.jpg,NotHate,0
841,judgementComing2(1).jpg,NotHate,0
842,youKnewThat(1).jpg,NotHate,0
843,abusedLongEnough.jpg,NotHate,0
844,youKnewThat.jpg,NotHate,0
845,timetoStart.jpg,NotHate,0
846,foudingOverthrow.jpg,NotHate,0
847,judgementComing2.jpg,NotHate,0
848,aQpexeW_460s.jpg,NotHate,0
849,003a75cf599e9b24b6951f731eaee7d2.jpeg,NotHate,0
850,Screen Shot 2021-11-29 at 12.34.07 PM.png,Religious,1
851,457c77c8aca6d28910efc5fdca8593f9.jpg,Religious,1
852,098f8e5f97e5668547e70ad803e27923--macros-shake.jpg,Religious,1
853,6f0409035777444bd7c3fa2375b35bfb.jpeg,Religious,1
854,875d93133ddba3e8ccadcadf4d164b5e.jpeg,Religious,1
855,7802c1ad8d9d953cc56467a61153d049.png,Religious,1
856,130e2c96006e88aa25cff6888c2ba510.jpeg,Religious,1
857,5f1d57f057eb99efd899e2e7ee609c16.jpeg,Religious,1
858,233c3e321d498b96f364d58a2cf66e0b.jpeg,Religious,1
859,feminist-meme15.jpg,MPSG,1
860,truePundit.png,MPSG,1
861,animals.png,MPSG,1
862,msm.png,MPSG,1
863,Screen Shot 2021-11-29 at 1.10.27 PM.png,MPSG,1
864,617e0323ab4364598ed039374391489f.jpeg,MPSG,1
865,870dcfdca76f5c69f632740b79feaa30.png,MPSG,1
866,DTybzAlV4AE6vOx.jpg,RaceEthnicity,1
867,Screen Shot 2021-11-29 at 12.32.59 PM.png,RaceEthnicity,1
868,5981cf86210000a134fc9ca1.jpg,RaceEthnicity,1
869,321x1n.jpg,RaceEthnicity,1
870,3lt141.jpg,RaceEthnicity,1
871,5d6d1a20c321b.jpg,RaceEthnicity,1
872,34e0287d718d3b27f3fb78eae8c9a7eb.png,RaceEthnicity,1
873,98f987d38e9dee5a3e8ba7f58b7bf358.jpeg,RaceEthnicity,1
874,0caa2605cd53a61310a948e08a9aedbc.png,RaceEthnicity,1
875,9dddc8bc4a7ddcb26121709a2d814c12.png,RaceEthnicity,1
876,59c9852973f170df566f44bdbeb8e2b5.png,RaceEthnicity,1
877,4f31b54a8eb9e230beb5603811ca9e9f.jpeg,RaceEthnicity,1
878,979f1e0c0f7a4a28b4e599cbe4773a67.jpeg,RaceEthnicity,1
879,5de2353e5861c3e8761aa9716ad315b5.jpeg,RaceEthnicity,1
880,55aafefac7029dac59db3c9e767d842f.jpeg,RaceEthnicity,1
881,4c3b26e6ed3741b4930ed8a0008ca534.jpeg,RaceEthnicity,1
882,352f9cfe882b88004416222e29a0c3ca.jpeg,RaceEthnicity,1
883,389ae57e1c001ec78fc84a56eb86060b.jpeg,RaceEthnicity,1
884,421ba6b590f60e8ca14b864ef62b0937.jpeg,RaceEthnicity,1
885,8b0692fbb7b694714d9469223c3a365b.jpeg,RaceEthnicity,1
886,3296e4cea44ab2cd64470be83d474b20.jpeg,SexGender,1
887,joy.png,SexGender,1
